STNO,YEAR,MM,DD,HH,Clobal solar irradiation,Diffuse solar irradiation,SF_R,SF_S,Cloud Cover (octas),Dry bulb temp (oC),Wet bulb temp (oC),Atmospheric Pressure (hPa),Wind Speed (knots),Wind Direction (deg clock from N),RA,RD,Present weather code,SOLALT
10,1990,12,1,1,0,0,0,0,7,6.9,5.9,1031.1,3.09,280,0,0,2,-59.8
10,1990,12,1,2,0,0,0,0,7,6.5,5.2,1033.3,3.09,10,0,0,2,-55.6
10,1990,12,1,3,0,0,0,0,7,6.2,5.1,1033.7,4.12,10,0,0,2,-48.5
10,1990,12,1,4,0,0,0,0,7,6,5,1033.9,3.6,10,0,0,2,-40
10,1990,12,1,5,0,0,0,0,7,5.8,5,1034.1,3.09,10,0,0,2,-30.8
10,1990,12,1,6,0,0,0,0,7,6,5.1,1034.3,2.57,320,0,0,2,-21.4
10,1990,12,1,7,0,0,0,0,7,6.1,5.1,1034.9,2.06,330,0,0,2,-12.4
10,1990,12,1,8,0,0,0,0,7,6.3,5.3,1035.6,1.54,340,0,0,2,-3.9
10,1990,12,1,9,6,6,0,0,7,6.2,5.3,1036.4,1.03,290,0,0,2,3.6
10,1990,12,1,10,28,28,0,0,7,6.4,5.4,1037,2.06,290,0,0,2,9.8
10,1990,12,1,11,73,73,0,0,7,6.7,5.4,1037.1,2.57,290,0,0,2,14.2
10,1990,12,1,12,91,90,0,0,7,7.5,5.6,1036.9,3.09,310,0,0,2,16.5
10,1990,12,1,13,115,114,0,0,7,8,5.7,1036.2,3.09,310,0,0,2,16.5
10,1990,12,1,14,84,83,0,0,8,7.9,5.4,1035.8,3.6,320,0,0,2,14.2
10,1990,12,1,15,25,25,0,0,8,7.4,5.1,1036,3.09,320,0,0,2,9.7
10,1990,12,1,16,9,9,0,0,7,7,5.1,1036,2.06,320,0,0,5,3.6
10,1990,12,1,17,0,0,0,0,8,6.6,4.8,1036.7,2.06,320,0,0,5,-4
10,1990,12,1,18,0,0,0,0,8,6.4,4.4,1036.6,2.06,310,0,0,5,-12.4
10,1990,12,1,19,0,0,0,0,8,6,3.9,1036.9,2.57,310,0,0,2,-21.5
10,1990,12,1,20,0,0,0,0,8,5.9,3.7,1036.9,2.06,320,0,0,2,-30.8
10,1990,12,1,21,0,0,0,0,8,5.6,3.5,1037,1.54,310,0,0,2,-40.1
10,1990,12,1,22,0,0,0,0,8,5.6,3.5,1037.4,1.54,300,0,0,2,-48.6
10,1990,12,1,23,0,0,0,0,7,5.5,3.5,1037.1,1.54,300,0,0,2,-55.7
10,1990,12,1,24,0,0,0,0,7,5.5,3.5,1037.2,1.54,280,0,0,2,-59.9
10,1990,12,2,1,0,0,0,0,7,5.3,3.3,1036.7,2.06,280,0,0,2,-59.9
10,1990,12,2,2,0,0,0,0,7,5,3,1036.6,2.06,300,0,0,2,-55.7
10,1990,12,2,3,0,0,0,0,7,5,2.9,1036.7,2.06,300,0,0,2,-48.7
10,1990,12,2,4,0,0,0,0,7,4.6,2.7,1036.4,1.54,270,0,0,2,-40.1
10,1990,12,2,5,0,0,0,0,7,4.2,2.6,1036,1.54,270,0,0,2,-30.9
10,1990,12,2,6,0,0,0,0,7,4.7,3.1,1036.1,1.54,280,0,0,2,-21.5
10,1990,12,2,7,0,0,0,0,7,4.7,3,1036.1,2.06,270,0,0,2,-12.5
10,1990,12,2,8,0,0,0,0,7,4.8,3.1,1036.3,2.57,280,0,0,2,-4
10,1990,12,2,9,19,19,0,0,8,4.7,3.1,1036.4,2.57,270,0,0,2,3.5
10,1990,12,2,10,42,42,0,0,8,5,3.4,1036.3,2.06,270,0,0,2,9.6
10,1990,12,2,11,39,39,0,0,7,5.2,3.6,1036.2,1.54,280,0,0,2,14.1
10,1990,12,2,12,46,46,0,0,8,5.3,3.8,1035.7,2.06,280,0,0,2,16.4
10,1990,12,2,13,40,40,0,0,8,5.4,3.8,1035.2,1.54,280,0,0,2,16.4
10,1990,12,2,14,42,42,0,0,8,5.5,3.9,1034.5,1.54,270,0,0,5,14
10,1990,12,2,15,31,31,0,0,8,5.6,4,1034.1,1.03,260,0,0,5,9.6
10,1990,12,2,16,11,11,0,0,8,5.1,4,1034.1,1.54,260,0,0,5,3.5
10,1990,12,2,17,0,0,0,0,7,5.2,4,1034.2,1.03,260,0,0,5,-4.1
10,1990,12,2,18,0,0,0,0,7,5.5,4.1,1033.9,1.03,230,0,0,5,-12.5
10,1990,12,2,19,0,0,0,0,7,5.5,4.2,1033.9,1.03,220,0,0,5,-21.6
10,1990,12,2,20,0,0,0,0,7,5.4,4.2,1033.7,1.54,230,0,0,5,-30.9
10,1990,12,2,21,0,0,0,0,7,5.5,4.3,1033.4,1.03,240,0,0,5,-40.2
10,1990,12,2,22,0,0,0,0,7,5.6,4.2,1033,1.54,200,0,0,5,-48.8
10,1990,12,2,23,0,0,0,0,8,5.3,4.1,1032.5,1.54,210,0,0,5,-55.8
10,1990,12,2,24,0,0,0,0,7,5.1,4,1032.1,1.03,210,0,0,5,-60.1
10,1990,12,3,1,0,0,0,0,7,5.1,4.1,1031.6,1.03,210,0,0,5,-60.1
10,1990,12,3,2,0,0,0,0,8,5.1,4.1,1031.2,1.54,250,0,0,5,-55.9
10,1990,12,3,3,0,0,0,0,8,5.1,4.2,1031,1.03,250,0,0,5,-48.8
10,1990,12,3,4,0,0,0,0,8,5.1,4.3,1030.7,1.03,250,0,0,5,-40.2
10,1990,12,3,5,0,0,0,0,8,5,4.3,1030.7,1.03,260,0,0,5,-31
10,1990,12,3,6,0,0,0,0,7,5,4.3,1030.7,1.54,260,0,0,5,-21.7
10,1990,12,3,7,0,0,0,0,7,5.1,4.3,1030.4,1.03,270,0,0,5,-12.6
10,1990,12,3,8,0,0,0,0,7,5.3,4.6,1030.3,1.54,260,0,0,5,-4.1
10,1990,12,3,9,7,7,0,0,8,5.6,4.7,1030.5,1.54,260,0,0,5,3.5
10,1990,12,3,10,25,25,0,0,7,6,5,1030.1,1.54,260,0,0,5,9.5
10,1990,12,3,11,32,32,0,0,7,6.3,5,1030,1.54,260,0,0,5,13.9
10,1990,12,3,12,61,61,0,0,8,7,5.4,1029.5,2.06,260,0,0,5,16.2
10,1990,12,3,13,61,61,0,0,8,7.4,5.4,1029.2,2.06,260,0,0,2,16.2
10,1990,12,3,14,47,47,0,0,8,7.4,5.6,1028.7,2.57,260,0,0,2,13.9
10,1990,12,3,15,35,35,0,0,8,7.3,5.5,1028.5,3.09,260,0,0,2,9.5
10,1990,12,3,16,9,9,0,0,8,7.8,5.5,1028.4,2.06,270,0,0,5,3.4
10,1990,12,3,17,0,0,0,0,8,7.6,5.6,1028.5,2.57,270,0,0,5,-4.2
10,1990,12,3,18,0,0,0,0,8,7.7,6.2,1029,2.06,280,0,0,20,-12.6
10,1990,12,3,19,0,0,0,0,7,7.5,6.4,1028.8,1.03,260,0,0,5,-21.7
10,1990,12,3,20,0,0,0,0,7,6.7,5.9,1029,1.54,250,0,0,5,-31.1
10,1990,12,3,21,0,0,0,0,7,6.9,5.9,1029.2,1.03,270,0,0,5,-40.3
10,1990,12,3,22,0,0,0,0,1,5.2,4.5,1029.1,1.03,270,0,0,5,-48.9
10,1990,12,3,23,0,0,0,0,0,5.5,4.6,1029.5,2.06,310,0,0,2,-56
10,1990,12,3,24,0,0,0,0,5,5,4.1,1029.7,1.03,300,0,0,2,-60.2
10,1990,12,4,1,0,0,0,0,1,2.9,2.4,1029.5,1.03,240,0,0,2,-60.2
10,1990,12,4,2,0,0,0,0,0,3.6,3,1029.3,1.03,300,0,0,2,-56
10,1990,12,4,3,0,0,0,0,0,2.3,1.9,1029.4,1.54,280,0,0,2,-48.9
10,1990,12,4,4,0,0,0,0,0,2.8,2.4,1029.5,1.03,290,0,0,2,-40.3
10,1990,12,4,5,0,0,0,0,0,2.4,2.1,1029.7,1.54,290,0,0,10,-31.1
10,1990,12,4,6,0,0,0,0,0,2.1,1.9,1029.8,1.54,290,0,0,10,-21.8
10,1990,12,4,7,0,0,0,0,0,1.2,1.1,1030.1,1.54,290,0,0,10,-12.7
10,1990,12,4,8,0,0,0,0,2,1.8,1.6,1030.7,1.54,290,0,0,10,-4.3
10,1990,12,4,9,36,23,0,0.4,2,2.6,2.2,1031.3,1.03,290,0.2,0.1,11,3.4
10,1990,12,4,10,144,59,0.3,1,7,4.6,4,1031.4,1.03,290,0,0,5,9.4
10,1990,12,4,11,167,82,1,0.9,7,6.1,5,1031.6,1.03,280,0,0,5,13.8
10,1990,12,4,12,203,77,1,1,7,7.3,5.6,1031.4,1.03,270,0,0,5,16.1
10,1990,12,4,13,217,70,1,1,7,8.4,6.2,1031.2,1.54,330,0,0,2,16.1
10,1990,12,4,14,169,64,1,1,7,8.9,6.5,1030.8,1.54,350,0,0,2,13.8
10,1990,12,4,15,105,63,0.6,0.9,6,8.2,6,1030.4,1.54,350,0,0,2,9.3
10,1990,12,4,16,12,12,0,0,3,6.2,5,1030.9,2.06,320,0,0,5,3.4
10,1990,12,4,17,0,0,0,0,4,5.8,4.9,1031.4,1.54,320,0,0,5,-4.3
10,1990,12,4,18,0,0,0,0,2,4.8,4.1,1031.5,1.54,310,0,0,5,-12.8
10,1990,12,4,19,0,0,0,0,1,4.2,3.8,1031.6,1.03,300,0,0,5,-21.8
10,1990,12,4,20,0,0,0,0,6,3.9,3.4,1032,1.03,290,0,0,5,-31.2
10,1990,12,4,21,0,0,0,0,7,4,3.3,1032,1.54,300,0,0,5,-40.4
10,1990,12,4,22,0,0,0,0,4,4,3.4,1032,1.03,310,0,0,5,-49
10,1990,12,4,23,0,0,0,0,3,3.4,2.8,1032.3,1.03,300,0,0,5,-56.1
10,1990,12,4,24,0,0,0,0,3,4,3.2,1032.5,1.03,300,0,0,5,-60.3
10,1990,12,5,1,0,0,0,0,7,4,3.2,1033,1.03,300,0,0,5,-60.4
10,1990,12,5,2,0,0,0,0,7,4.7,3.8,1033,1.54,320,0,0,2,-56.1
10,1990,12,5,3,0,0,0,0,7,4.7,3.8,1033.6,2.06,330,0,0,2,-49
10,1990,12,5,4,0,0,0,0,7,5,4,1033.6,2.06,330,0,0,2,-40.4
10,1990,12,5,5,0,0,0,0,1,4.4,3.7,1033.9,1.54,320,0,0,2,-31.2
10,1990,12,5,6,0,0,0,0,1,3.9,3.3,1034.4,2.06,320,0,0,5,-21.9
10,1990,12,5,7,0,0,0,0,1,3.8,3.1,1035,1.54,340,0,0,5,-12.8
10,1990,12,5,8,0,0,0,0,1,3.6,3,1035.2,1.03,340,0,0,5,-4.4
10,1990,12,5,9,34,21,0,0.3,1,3.3,2.9,1035.6,1.54,360,0,0,5,3.3
10,1990,12,5,10,110,47,1,1,2,4.6,3.9,1036,2.06,360,0,0,5,9.2
10,1990,12,5,11,178,59,1,0.9,1,6,4.9,1036.3,2.57,10,0,0,5,13.6
10,1990,12,5,12,218,63,1,1,1,7.1,5.6,1036,2.57,10,0,0,2,16
10,1990,12,5,13,220,62,1,1,1,8.1,6.1,1035.5,2.06,10,0,0,2,15.9
10,1990,12,5,14,170,49,1,1,1,8.1,5.9,1035.1,2.57,20,0,0,2,13.6
10,1990,12,5,15,95,35,1,0.5,1,7.6,5.3,1035.2,2.06,30,0,0,2,9.2
10,1990,12,5,16,22,17,0.1,0.4,1,6.7,4.9,1035.5,2.06,10,0,0,2,3.3
10,1990,12,5,17,0,0,0,0,1,5.9,4.6,1036,1.54,350,0,0,2,-4.4
10,1990,12,5,18,0,0,0,0,1,5,4,1036.2,1.54,360,0,0,2,-12.9
10,1990,12,5,19,0,0,0,0,0,4.9,4,1036.4,1.03,350,0,0,2,-21.9
10,1990,12,5,20,0,0,0,0,0,3.8,3.2,1036.4,1.03,360,0,0,5,-31.2
10,1990,12,5,21,0,0,0,0,0,3.6,3.1,1036.3,1.03,330,0,0,5,-40.5
10,1990,12,5,22,0,0,0,0,0,3.1,2.8,1036.2,1.03,330,0,0,10,-49.1
10,1990,12,5,23,0,0,0,0,0,1.8,1.5,1036.4,1.03,310,0,0,10,-56.2
10,1990,12,5,24,0,0,0,0,0,1.4,1.1,1036.3,1.03,320,0,0,10,-60.5
10,1990,12,6,1,0,0,0,0,0,0.9,0.7,1035.9,1.03,310,0,0,10,-60.5
10,1990,12,6,2,0,0,0,0,0,-0.3,-0.4,1035.8,1.03,280,0,0,10,-56.2
10,1990,12,6,3,0,0,0,0,2,-0.5,-0.6,1035.6,1.03,300,0,0,41,-49.1
10,1990,12,6,4,0,0,0,0,3,-0.9,-1,1035,1.03,310,0,0,41,-40.5
10,1990,12,6,5,0,0,0,0,7,-1.2,-1.2,1034.4,1.03,210,0,0,46,-31.3
10,1990,12,6,6,0,0,0,0,7,-0.8,-0.8,1034.3,1.03,200,0,0,44,-22
10,1990,12,6,7,0,0,0,0,7,-0.7,-0.7,1034.4,1.03,190,0,0,42,-12.9
10,1990,12,6,8,0,0,0,0,7,-0.9,-0.9,1034.1,1.03,200,0,0,42,-4.5
10,1990,12,6,9,20,19,0,0,7,-0.5,-0.5,1034.4,0,0,0,0,42,3.3
10,1990,12,6,10,68,66,0,0,7,-0.7,-0.8,1034.1,1.03,250,0.2,0.1,42,9.1
10,1990,12,6,11,121,115,0,0,7,-0.2,-0.3,1033.3,1.03,230,0,0,44,13.5
10,1990,12,6,12,221,139,0.8,0,7,0.1,0,1032.1,1.03,220,0,0,44,15.8
10,1990,12,6,13,244,81,1,0,7,0.4,0.1,1031.3,1.03,210,0,0,42,15.8
10,1990,12,6,14,147,79,0.7,0,7,1,0.9,1030.7,1.03,310,0,0,42,13.5
10,1990,12,6,15,80,52,0.3,0,7,1.6,1.5,1029.9,1.03,300,0,0,28,9.1
10,1990,12,6,16,21,18,0,0,7,1.6,1.5,1029.4,1.03,250,0,0,10,3.3
10,1990,12,6,17,0,0,0,0,6,1,0.8,1029,1.03,280,0,0,10,-4.5
10,1990,12,6,18,0,0,0,0,7,1.8,1.5,1028.9,1.03,280,0,0,10,-12.9
10,1990,12,6,19,0,0,0,0,7,3.2,2.8,1028.5,1.03,210,0,0,10,-22
10,1990,12,6,20,0,0,0,0,7,4.7,3.8,1027.6,1.03,200,0,0,5,-31.3
10,1990,12,6,21,0,0,0,0,8,5.5,4.4,1026.3,1.03,210,0,0,5,-40.6
10,1990,12,6,22,0,0,0,0,8,5.8,4.6,1025.1,2.57,190,0,0,5,-49.2
10,1990,12,6,23,0,0,0,0,8,5.6,4.7,1025,2.06,210,0,0,2,-56.3
10,1990,12,6,24,0,0,0,0,8,4.8,4.2,1024.2,1.03,170,0,0,5,-60.6
10,1990,12,7,1,0,0,0,0,7,5.9,4.8,1022.5,3.6,200,0,0,5,-60.6
10,1990,12,7,2,0,0,0,0,7,6.1,5,1021.3,3.6,200,0,0,5,-56.3
10,1990,12,7,3,0,0,0,0,8,6.2,5.3,1020.4,3.6,200,0,0,5,-49.2
10,1990,12,7,4,0,0,0,0,7,6.6,5.4,1019.3,3.6,200,0,0,5,-40.6
10,1990,12,7,5,0,0,0,0,7,6.4,5.2,1018.5,3.6,210,0,0,2,-31.4
10,1990,12,7,6,0,0,0,0,7,6.1,4.9,1017.4,2.57,210,0,0,2,-22
10,1990,12,7,7,0,0,0,0,1,4.8,4,1016.4,2.57,180,0,0,2,-13
10,1990,12,7,8,0,0,0,0,1,4.5,3.2,1015.4,2.06,180,0,0,2,-4.6
10,1990,12,7,9,15,15,0,0,7,4.7,3.1,1014.4,2.06,180,0,0,2,3.2
10,1990,12,7,10,75,50,0.5,0.1,7,5.3,3.7,1013.3,2.57,180,0,0,2,9
10,1990,12,7,11,93,87,0,0.8,6,6.6,5,1011.9,3.6,190,0,0,2,13.4
10,1990,12,7,12,157,112,0.8,1,3,7.3,5.3,1010,4.12,180,0,0,2,15.7
10,1990,12,7,13,199,87,1,0.9,2,8,5.7,1008.4,5.14,190,0,0,2,15.7
10,1990,12,7,14,171,92,0.8,0.9,5,7.6,5.5,1006.6,5.14,180,0,0,2,13.4
10,1990,12,7,15,29,29,0,0.1,7,7.5,5.3,1005.3,4.63,180,0,0,2,9
10,1990,12,7,16,7,7,0,0,7,7.4,5.4,1003.7,4.63,170,0,0,2,3.2
10,1990,12,7,17,0,0,0,0,7,7.3,5.2,1002.6,4.63,180,0,0,2,-4.6
10,1990,12,7,18,0,0,0,0,8,7,5.3,1001.4,4.63,180,0,0,2,-13
10,1990,12,7,19,0,0,0,0,8,7.2,5.8,1000,5.66,170,0,0,2,-22.1
10,1990,12,7,20,0,0,0,0,8,7.5,6.1,998.5,6.69,170,0,0,2,-31.4
10,1990,12,7,21,0,0,0,0,8,5.4,5,998.4,4.12,250,1,0.5,60,-40.7
10,1990,12,7,22,0,0,0,0,8,4.6,4.2,997.6,2.57,220,0.6,0.3,61,-49.3
10,1990,12,7,23,0,0,0,0,8,4.5,4,996.9,3.6,230,0,0,61,-56.4
10,1990,12,7,24,0,0,0,0,7,3.7,3.3,996.2,3.6,250,0,0,21,-60.7
10,1990,12,8,1,0,0,0,0,8,3.4,3.1,995.1,2.57,250,0,0,50,-60.7
10,1990,12,8,2,0,0,0,0,8,3.6,3.3,994.1,2.57,220,0,0,20,-56.4
10,1990,12,8,3,0,0,0,0,7,2.8,2.3,993.4,2.57,250,0,0,21,-49.3
10,1990,12,8,4,0,0,0,0,7,2.9,2.3,992.1,3.09,210,0,0,2,-40.7
10,1990,12,8,5,0,0,0,0,7,2.5,1.8,991.2,3.09,210,0,0,2,-31.4
10,1990,12,8,6,0,0,0,0,7,2.2,1.7,990.1,4.12,190,0,0,2,-22.1
10,1990,12,8,7,0,0,0,0,8,1.9,1.4,989.1,3.6,220,0,0,60,-13.1
10,1990,12,8,8,0,0,0,0,8,1.5,1.1,988.1,3.09,220,0,0,60,-4.7
10,1990,12,8,9,2,2,0,0,8,1.3,1,987.4,2.57,240,0,0,60,3.2
10,1990,12,8,10,8,7,0,0,8,1.6,1.3,987.4,2.57,280,0,0,61,8.9
10,1990,12,8,11,11,11,0,0,8,2,1.6,987.6,2.57,310,0,0,61,13.3
10,1990,12,8,12,30,30,0,0,7,2,1.6,987.7,3.6,290,0,0,61,15.6
10,1990,12,8,13,20,20,0,0,8,1.9,1.4,987.9,4.63,290,0.2,0.1,68,15.6
10,1990,12,8,14,8,8,0,0,7,1.2,0.8,988.3,6.69,300,0.2,0.1,68,13.3
10,1990,12,8,15,5,5,0,0,8,1.3,0.6,988.4,5.66,280,0,0,23,8.9
10,1990,12,8,16,2,2,0,0,8,1.5,0.9,989.1,4.63,280,0,0,2,3.2
10,1990,12,8,17,0,0,0,0,8,1.6,1.1,989.6,4.12,280,0,0,2,-4.7
10,1990,12,8,18,0,0,0,0,8,1.5,1.2,990.4,3.6,270,0,0,23,-13.1
10,1990,12,8,19,0,0,0,0,8,1.4,0.8,991.1,3.6,250,0,0,2,-22.2
10,1990,12,8,20,0,0,0,0,8,1.5,0.9,991.8,3.6,240,0,0,2,-31.5
10,1990,12,8,21,0,0,0,0,8,1.5,1,992.4,3.6,220,0,0,2,-40.7
10,1990,12,8,22,0,0,0,0,6,1.2,0.7,992.9,3.6,220,0,0,2,-49.4
10,1990,12,8,23,0,0,0,0,8,1.5,0.9,993.4,3.6,210,0,0,2,-56.5
10,1990,12,8,24,0,0,0,0,8,1.6,1.1,993.8,3.09,210,0,0,2,-60.8
10,1990,12,9,1,0,0,0,0,8,1.5,1,994,3.09,210,0,0,2,-60.8
10,1990,12,9,2,0,0,0,0,8,1.5,1,994.5,2.57,160,0,0,2,-56.5
10,1990,12,9,3,0,0,0,0,7,0.6,0.2,995.2,2.57,160,0,0,2,-49.4
10,1990,12,9,4,0,0,0,0,4,-0.7,-0.9,995.5,2.57,130,0,0,2,-40.8
10,1990,12,9,5,0,0,0,0,7,-0.8,-0.9,996.5,1.54,80,0,0,2,-31.5
10,1990,12,9,6,0,0,0,0,8,0.7,0.5,997.2,2.57,70,0.4,0.2,70,-22.2
10,1990,12,9,7,0,0,0,0,8,0.4,0.4,998.5,4.12,110,1.2,0.6,73,-13.2
10,1990,12,9,8,0,0,0,0,5,0.6,0.5,999.6,3.6,80,0.2,0.1,22,-4.7
10,1990,12,9,9,28,12,0.2,0.3,2,1.1,0.9,1000.2,4.63,80,0.4,0.1,1,3.1
10,1990,12,9,10,119,30,1,1,2,2.1,1.5,1001.7,5.14,80,0,0,2,8.8
10,1990,12,9,11,158,47,0.9,0.8,5,2.9,2.1,1002.7,5.66,80,0,0,2,13.2
10,1990,12,9,12,199,90,1,0.1,7,3.9,3,1003.1,4.63,80,0,0,3,15.5
10,1990,12,9,13,169,121,0.6,0.2,6,3.8,2.9,1003.3,3.6,50,0,0,2,15.5
10,1990,12,9,14,180,113,0.8,0.1,7,4.4,3.4,1003.2,3.09,20,0,0,2,13.2
10,1990,12,9,15,85,60,0.4,0,7,3.9,3,1003.4,3.6,10,0,0,60,8.8
10,1990,12,9,16,5,2,0,0,7,3.5,2.8,1003.5,3.6,20,0,0,60,3.1
10,1990,12,9,17,0,0,0,0,8,3,2.5,1003.2,4.12,20,0.4,0.2,68,-4.8
10,1990,12,9,18,0,0,0,0,8,2.5,2.1,1002.9,4.12,360,0.6,0.3,68,-13.2
10,1990,12,9,19,0,0,0,0,8,1.8,1.5,1002.4,4.12,350,1.2,0.6,71,-22.2
10,1990,12,9,20,0,0,0,0,8,1.6,1.4,1001.7,4.63,350,0.8,0.4,71,-31.6
10,1990,12,9,21,0,0,0,0,8,2.6,2.3,1000.9,5.66,350,0.4,0.2,68,-40.8
10,1990,12,9,22,0,0,0,0,8,4,3.5,1000.4,6.17,360,0.4,0.2,68,-49.4
10,1990,12,9,23,0,0,0,0,8,4.3,3.7,1000.4,6.69,10,0,0,61,-56.6
10,1990,12,9,24,0,0,0,0,8,4.1,3.5,1000.8,6.69,10,0.2,0.1,58,-60.9
10,1990,12,10,1,0,0,0,0,8,3.9,3.4,1000.7,6.17,10,0.4,0.2,58,-60.9
10,1990,12,10,2,0,0,0,0,8,4.1,3.6,1000.6,5.14,10,0.4,0.2,58,-56.6
10,1990,12,10,3,0,0,0,0,8,3.9,3.4,1000.8,4.63,20,0.8,0.4,59,-49.5
10,1990,12,10,4,0,0,0,0,8,4.3,3.7,1000.6,3.6,10,0.2,0.1,21,-40.8
10,1990,12,10,5,0,0,0,0,8,5,4.3,1001,6.69,10,0.4,0.2,21,-31.6
10,1990,12,10,6,0,0,0,0,8,5.6,4.6,1001.4,7.2,10,0,0,5,-22.3
10,1990,12,10,7,0,0,0,0,8,6.1,5,1002,6.69,10,0,0,58,-13.2
10,1990,12,10,8,0,0,0,0,8,6.5,5.2,1002.8,6.69,20,0,0,21,-4.8
10,1990,12,10,9,4,4,0,0,8,6.5,5.4,1003.5,6.69,20,0,0,2,3.1
10,1990,12,10,10,6,6,0,0,8,6.8,5.4,1004.3,7.2,20,0,0,21,8.7
10,1990,12,10,11,24,24,0,0,7,6.8,5.2,1004.2,7.2,10,0,0,21,13.1
10,1990,12,10,12,34,32,0,0,7,6.8,5,1004.3,7.2,10,0,0,2,15.4
10,1990,12,10,13,30,30,0,0,8,6.5,4.6,1004.4,8.75,10,0,0,2,15.4
10,1990,12,10,14,24,22,0,0,7,6.6,4.8,1004.9,8.23,10,0,0,2,13.1
10,1990,12,10,15,24,22,0,0,7,6.6,4.9,1005.4,7.72,360,0,0,2,8.7
10,1990,12,10,16,7,7,0,0,7,6.6,4.9,1006.1,7.72,360,0,0,2,3.1
10,1990,12,10,17,0,0,0,0,6,6.5,4.9,1006.7,7.72,360,0,0,2,-4.8
10,1990,12,10,18,0,0,0,0,7,6.3,4.8,1007.1,7.72,350,0,0,2,-13.3
10,1990,12,10,19,0,0,0,0,7,6.6,5.1,1007.7,7.72,360,0,0,2,-22.3
10,1990,12,10,20,0,0,0,0,7,6.6,4.9,1008.5,7.72,360,0,0,2,-31.6
10,1990,12,10,21,0,0,0,0,7,6.6,4.8,1009.3,7.2,360,0,0,50,-40.9
10,1990,12,10,22,0,0,0,0,7,6.8,4.9,1009.9,6.69,360,0,0,20,-49.5
10,1990,12,10,23,0,0,0,0,8,6.5,5,1010.5,6.69,360,0,0,2,-56.7
10,1990,12,10,24,0,0,0,0,8,6.5,5,1010.9,6.17,360,0,0,3,-61
10,1990,12,11,1,0,0,0,0,7,6.3,4.7,1011.1,6.69,360,0,0,2,-61
10,1990,12,11,2,0,0,0,0,7,6.4,4.6,1011.3,6.17,350,0,0,2,-56.7
10,1990,12,11,3,0,0,0,0,8,6.5,5,1012,5.66,350,0,0,2,-49.5
10,1990,12,11,4,0,0,0,0,7,6.3,4.9,1012.4,5.14,350,0,0,2,-40.9
10,1990,12,11,5,0,0,0,0,8,6.3,5,1013.2,4.12,340,0,0,2,-31.7
10,1990,12,11,6,0,0,0,0,8,6,5,1013.9,4.12,340,0,0,50,-22.3
10,1990,12,11,7,0,0,0,0,8,5.9,5,1014.8,3.6,340,0.2,0.1,21,-13.3
10,1990,12,11,8,0,0,0,0,7,5.8,4.9,1015.2,3.6,330,0,0,2,-4.9
10,1990,12,11,9,23,23,0,0,7,5.8,4.7,1016,2.57,330,0.2,0.1,2,3
10,1990,12,11,10,87,84,0.1,0,7,5.9,4.7,1016.1,3.09,330,0,0,2,8.7
10,1990,12,11,11,130,105,0.2,0.4,7,6,4.8,1016.4,3.6,320,0,0,2,13
10,1990,12,11,12,167,141,0,0.2,7,6.3,5,1016,3.6,320,0,0,2,15.3
10,1990,12,11,13,143,131,0,0,7,6.4,5,1015.8,2.57,290,0,0,2,15.3
10,1990,12,11,14,123,110,0,0,7,5.9,4.6,1015.2,2.57,280,0,0,2,13
10,1990,12,11,15,71,65,0,0,7,5.4,4.3,1014.5,2.57,270,0,0,2,8.6
10,1990,12,11,16,10,10,0,0,7,4.8,3.8,1014,2.57,240,0,0,5,3
10,1990,12,11,17,0,0,0,0,7,4.6,3.5,1013.3,2.57,230,0,0,5,-4.9
10,1990,12,11,18,0,0,0,0,8,5.5,4,1012.9,3.6,240,0,0,5,-13.3
10,1990,12,11,19,0,0,0,0,8,5.6,4.5,1011.4,4.12,240,0,0,60,-22.4
10,1990,12,11,20,0,0,0,0,8,5.6,5.1,1010.7,4.12,240,0.4,0.2,58,-31.7
10,1990,12,11,21,0,0,0,0,8,6.4,6,1008.9,4.12,230,0.2,0.1,58,-40.9
10,1990,12,11,22,0,0,0,0,8,7.3,6.9,1007.9,5.66,260,0,0,21,-49.6
10,1990,12,11,23,0,0,0,0,8,8.5,7.7,1007.4,5.14,270,0,0,60,-56.8
10,1990,12,11,24,0,0,0,0,8,9.1,8.4,1007,5.14,270,0,0,58,-61.1
10,1990,12,12,1,0,0,0,0,8,9,8.5,1006.8,3.6,290,0.4,0.2,58,-61.1
10,1990,12,12,2,0,0,0,0,3,9.1,7.3,1007.5,5.14,310,0,0,21,-56.8
10,1990,12,12,3,0,0,0,0,7,8.2,6.4,1008.4,5.14,310,0,0,3,-49.6
10,1990,12,12,4,0,0,0,0,2,7.5,5.7,1008.6,4.63,310,0,0,2,-41
10,1990,12,12,5,0,0,0,0,2,6.8,5.2,1009.1,4.63,310,0,0,2,-31.7
10,1990,12,12,6,0,0,0,0,3,6.5,4.7,1009.7,4.63,310,0,0,3,-22.4
10,1990,12,12,7,0,0,0,0,2,6.3,4.4,1010.9,5.66,320,0,0,2,-13.4
10,1990,12,12,8,0,0,0,0,3,5.7,3.7,1011.9,5.14,320,0,0,2,-5
10,1990,12,12,9,20,15,0.4,0.2,2,5.2,3,1013.1,4.63,320,0,0,2,3
10,1990,12,12,10,103,56,0.8,0.8,3,5.3,2.2,1014,4.63,330,0,0,2,8.6
10,1990,12,12,11,120,70,0.7,0,6,5.4,1.8,1014.8,6.17,340,0,0,2,13
10,1990,12,12,12,91,89,0.1,0,7,5.2,2,1015.2,5.14,340,0,0,14,15.2
10,1990,12,12,13,146,75,0.7,0.7,1,5.4,1.5,1015.6,7.72,330,0,0,25,15.2
10,1990,12,12,14,182,47,1,1,2,5.4,1.5,1016.1,7.72,330,0,0,2,13
10,1990,12,12,15,88,34,0.7,1,2,4.9,1.1,1016.5,7.2,330,0,0,2,8.6
10,1990,12,12,16,10,10,0,0.3,2,4.3,0.8,1017.2,5.66,330,0,0,2,3
10,1990,12,12,17,0,0,0,0,5,3.7,0.7,1018,5.14,310,0,0,2,-5
10,1990,12,12,18,0,0,0,0,5,3.6,0.7,1018.3,6.17,310,0,0,2,-13.4
10,1990,12,12,19,0,0,0,0,7,3.6,0.7,1019,5.66,310,0,0,2,-22.4
10,1990,12,12,20,0,0,0,0,7,3.6,0.8,1019.5,6.17,310,0,0,2,-31.8
10,1990,12,12,21,0,0,0,0,6,3.6,0.8,1019.5,5.66,310,0,0,2,-41
10,1990,12,12,22,0,0,0,0,3,2.8,0.4,1019.8,5.14,310,0,0,2,-49.6
10,1990,12,12,23,0,0,0,0,7,3.4,0.9,1020.2,5.14,320,0,0,2,-56.8
10,1990,12,12,24,0,0,0,0,7,3,0.7,1020.4,4.63,320,0,0,2,-61.1
10,1990,12,13,1,0,0,0,0,7,3.2,1,1020.8,5.14,310,0,0,2,-61.1
10,1990,12,13,2,0,0,0,0,3,3,1,1021.1,5.66,310,0,0,2,-56.8
10,1990,12,13,3,0,0,0,0,2,2.8,1,1021.5,6.17,320,0,0,2,-49.7
10,1990,12,13,4,0,0,0,0,1,2.8,1.2,1021.8,4.63,320,0,0,2,-41
10,1990,12,13,5,0,0,0,0,1,2.9,1.4,1022.3,5.66,320,0,0,2,-31.8
10,1990,12,13,6,0,0,0,0,1,2.7,1.3,1023.1,4.63,330,0,0,2,-22.4
10,1990,12,13,7,0,0,0,0,3,2.8,1.4,1023.5,4.63,330,0,0,2,-13.4
10,1990,12,13,8,0,0,0,0,3,2.8,1.5,1024.4,4.12,330,0,0,2,-5
10,1990,12,13,9,21,20,0,0,6,3.3,2.1,1024.9,4.12,330,0,0,2,3
10,1990,12,13,10,106,95,0.2,0.2,4,3.7,2.4,1025.9,4.12,330,0,0,2,8.5
10,1990,12,13,11,200,123,0.9,1,4,5,3.5,1026,4.63,340,0,0,2,12.9
10,1990,12,13,12,177,111,0.9,0.9,3,5,3.4,1026.3,4.12,350,0,0,2,15.2
10,1990,12,13,13,158,95,0.6,0.6,5,5.8,4.2,1026.2,4.12,350,0,0,2,15.2
10,1990,12,13,14,89,87,0,0.4,7,6.8,4.9,1026.3,3.6,350,0,0,2,12.9
10,1990,12,13,15,51,50,0,0.1,7,6.5,4.7,1026.6,4.12,350,0,0,2,8.5
10,1990,12,13,16,13,13,0,0,5,5.6,4.1,1026.9,3.6,340,0,0,2,2.9
10,1990,12,13,17,0,0,0,0,7,4.9,3.6,1027.9,2.57,340,0,0,2,-5
10,1990,12,13,18,0,0,0,0,4,4.7,3.6,1028,3.09,340,0,0,2,-13.4
10,1990,12,13,19,0,0,0,0,4,4.2,3.4,1028.4,2.57,340,0,0,2,-22.5
10,1990,12,13,20,0,0,0,0,2,4,3.2,1028.6,2.57,340,0,0,2,-31.8
10,1990,12,13,21,0,0,0,0,1,3.5,2.9,1028.8,2.06,350,0,0,2,-41.1
10,1990,12,13,22,0,0,0,0,6,3.1,2.5,1028.9,2.57,350,0,0,5,-49.7
10,1990,12,13,23,0,0,0,0,6,3.5,2.9,1028.9,2.57,360,0,0,5,-56.9
10,1990,12,13,24,0,0,0,0,4,3.1,2.7,1029,2.06,350,0,0,5,-61.2
10,1990,12,14,1,0,0,0,0,1,2.4,2.1,1029,1.54,350,0,0,10,-61.2
10,1990,12,14,2,0,0,0,0,0,1.9,1.7,1029.3,2.06,350,0,0,10,-56.9
10,1990,12,14,3,0,0,0,0,7,1.5,1.4,1029.4,2.06,340,0,0,10,-49.7
10,1990,12,14,4,0,0,0,0,7,1.3,1.3,1029.3,2.57,340,0,0,10,-41.1
10,1990,12,14,5,0,0,0,0,8,1.2,1.2,1029.5,1.54,360,0,0,10,-31.8
10,1990,12,14,6,0,0,0,0,7,1,1,1029.6,1.54,10,0,0,46,-22.5
10,1990,12,14,7,0,0,0,0,7,1,1,1030,1.54,350,0,0,28,-13.5
10,1990,12,14,8,0,0,0,0,7,0.7,0.7,1030.3,1.03,350,0,0,10,-5.1
10,1990,12,14,9,11,11,0,0,7,0.4,0.3,1030.7,1.03,310,0,0,41,2.9
10,1990,12,14,10,46,45,0,0,8,0.4,0.3,1031,1.03,320,0,0,41,8.5
10,1990,12,14,11,89,89,0,0,7,0.8,0.7,1030.7,1.03,320,0,0,41,12.8
10,1990,12,14,12,111,109,0,0,7,1.2,1,1030.5,1.03,310,0,0,41,15.1
10,1990,12,14,13,122,120,0,0.8,2,2.4,2,1030.3,1.03,290,0,0,41,15.1
10,1990,12,14,14,96,94,0,0.9,3,2.4,1.8,1029.9,1.03,250,0,0,41,12.8
10,1990,12,14,15,54,53,0,0.3,3,1.1,0.9,1030,1.03,300,0,0,41,8.5
10,1990,12,14,16,14,13,0,0.2,6,-0.2,-0.4,1030.3,1.03,290,0,0,46,2.9
10,1990,12,14,17,0,0,0,0,7,-0.5,-0.6,1030.3,1.03,290,0,0,46,-5.1
10,1990,12,14,18,0,0,0,0,6,-1.3,-1.4,1030.5,1.03,290,0,0,42,-13.5
10,1990,12,14,19,0,0,0,0,5,-1.4,-1.5,1030.2,1.03,280,0,0,42,-22.5
10,1990,12,14,20,0,0,0,0,5,-2,-2,1030.3,1.03,270,0,0,46,-31.8
10,1990,12,14,21,0,0,0,0,6,-2.3,-2.3,1030.3,1.03,280,0,0,48,-41.1
10,1990,12,14,22,0,0,0,0,1,-2,-2,1030.6,1.03,220,0,0,48,-49.8
10,1990,12,14,23,0,0,0,0,1,-2.9,-2.9,1030.8,0,0,0,0,48,-56.9
10,1990,12,14,24,0,0,0,0,1,-2.2,-2.3,1030.7,1.03,280,0,0,28,-61.3
10,1990,12,15,1,0,0,0,0,1,-2,-2.1,1030.5,1.03,280,0,0,10,-61.3
10,1990,12,15,2,0,0,0,0,2,-2.3,-2.4,1030.4,1.03,290,0,0,10,-57
10,1990,12,15,3,0,0,0,0,1,-3.8,-3.9,1030,1.03,270,0,0,10,-49.8
10,1990,12,15,4,0,0,0,0,3,-4.2,-4.2,1029.9,1.03,290,0,0,40,-41.1
10,1990,12,15,5,0,0,0,0,0,-4.4,-4.4,1029.7,1.03,290,0,0,10,-31.9
10,1990,12,15,6,0,0,0,0,1,-4.2,-4.2,1029.7,1.03,290,0,0,10,-22.5
10,1990,12,15,7,0,0,0,0,2,-3.9,-3.9,1029.7,1.03,280,0,0,10,-13.5
10,1990,12,15,8,0,0,0,0,3,-3.4,-3.4,1029.6,1.03,280,0,0,10,-5.1
10,1990,12,15,9,10,9,0,0,7,-2.1,-2.2,1029.7,1.03,290,0,0,10,2.9
10,1990,12,15,10,53,52,0,0,7,-0.8,-1,1029.8,1.03,280,0.2,0.1,10,8.4
10,1990,12,15,11,113,102,0,0.1,6,0.9,0.4,1029,1.03,280,0,0,5,12.8
10,1990,12,15,12,148,125,0.2,0.1,6,2.1,1.4,1028.8,1.54,290,0,0,5,15.1
10,1990,12,15,13,125,114,0.1,0,7,3.5,2.7,1028.4,1.54,290,0,0,5,15.1
10,1990,12,15,14,54,53,0,0,8,4,3,1028.4,3.09,340,0,0,5,12.8
10,1990,12,15,15,22,21,0,0,8,3.5,2.9,1028.1,3.09,340,0,0,60,8.4
10,1990,12,15,16,5,5,0,0,8,3.9,3.3,1028.1,3.09,350,0,0,60,2.9
10,1990,12,15,17,0,0,0,0,8,4.2,3.8,1028.2,3.09,350,0,0,21,-5.1
10,1990,12,15,18,0,0,0,0,8,4.7,4.3,1028.5,3.09,350,0,0,5,-13.5
10,1990,12,15,19,0,0,0,0,8,4.9,4.6,1028.6,1.54,350,0,0,10,-22.6
10,1990,12,15,20,0,0,0,0,8,5,4.8,1029,1.54,340,0,0,58,-31.9
10,1990,12,15,21,0,0,0,0,8,5,4.9,1029.1,2.57,350,0.2,0.1,58,-41.1
10,1990,12,15,22,0,0,0,0,8,5.1,5,1029.3,3.09,360,0.2,0.1,58,-49.8
10,1990,12,15,23,0,0,0,0,8,5.2,5.1,1029.7,2.57,10,0.2,0.1,51,-57
10,1990,12,15,24,0,0,0,0,8,5.4,5.3,1030.1,2.06,10,0,0,60,-61.3
10,1990,12,16,1,0,0,0,0,8,5.4,5.1,1030.2,2.06,20,0,0,21,-61.3
10,1990,12,16,2,0,0,0,0,7,5.1,4.8,1030.5,2.06,30,0,0,2,-57
10,1990,12,16,3,0,0,0,0,7,4.6,4,1031.1,2.06,30,0,0,3,-49.8
10,1990,12,16,4,0,0,0,0,7,4.6,4,1031.2,2.06,20,0,0,2,-41.1
10,1990,12,16,5,0,0,0,0,8,4.4,3.7,1031.4,1.54,20,0,0,2,-31.9
10,1990,12,16,6,0,0,0,0,8,4.7,3.7,1031.7,2.06,20,0,0,2,-22.6
10,1990,12,16,7,0,0,0,0,6,4.6,3.6,1032,2.06,30,0,0,2,-13.6
10,1990,12,16,8,0,0,0,0,2,3.7,2.8,1032.5,2.57,30,0,0,2,-5.2
10,1990,12,16,9,13,12,0,0,3,3,2.2,1033.4,2.57,30,0,0,2,2.9
10,1990,12,16,10,63,55,0.2,0.7,5,3.4,2.4,1034,2.06,40,0,0,2,8.4
10,1990,12,16,11,108,85,0.8,0.2,5,3,2,1034.2,2.06,30,0,0,2,12.7
10,1990,12,16,12,153,121,0.5,0.8,5,4.4,3.1,1034.2,3.09,40,0,0,2,15
10,1990,12,16,13,226,143,1,0,7,3.9,2.2,1033.9,3.6,50,0,0,2,15
10,1990,12,16,14,105,90,0.1,0,7,3.7,2,1033.8,3.6,60,0,0,2,12.7
10,1990,12,16,15,38,38,0,0,7,3.1,1.5,1034.1,4.63,90,0,0,2,8.4
10,1990,12,16,16,13,13,0,0,7,3.1,1.5,1034.1,3.6,50,0,0,2,2.9
10,1990,12,16,17,0,0,0,0,7,3.2,1.6,1034.2,3.6,80,0,0,2,-5.2
10,1990,12,16,18,0,0,0,0,7,3,1.4,1034.5,4.63,60,0,0,2,-13.6
10,1990,12,16,19,0,0,0,0,7,3,1.4,1034.6,3.6,60,0,0,2,-22.6
10,1990,12,16,20,0,0,0,0,7,3.4,1.7,1034.5,3.09,60,0,0,2,-31.9
10,1990,12,16,21,0,0,0,0,7,3.3,1.8,1034.5,2.57,30,0,0,2,-41.2
10,1990,12,16,22,0,0,0,0,7,3.3,2,1034.3,2.57,40,0,0,2,-49.8
10,1990,12,16,23,0,0,0,0,8,3.4,2,1034.4,3.09,50,0,0,2,-57
10,1990,12,16,24,0,0,0,0,8,3.3,1.9,1034.3,4.12,90,0,0,2,-61.4
10,1990,12,17,1,0,0,0,0,8,2.8,1.6,1034,5.14,80,0,0,2,-61.4
10,1990,12,17,2,0,0,0,0,8,3,1.8,1033.6,4.63,80,0,0,2,-57
10,1990,12,17,3,0,0,0,0,7,3,1.7,1033.5,3.6,90,0,0,2,-49.8
10,1990,12,17,4,0,0,0,0,2,2,0.9,1032.9,4.12,80,0,0,2,-41.2
10,1990,12,17,5,0,0,0,0,1,0.9,0,1032.6,4.12,80,0,0,2,-31.9
10,1990,12,17,6,0,0,0,0,0,-0.3,-1,1032.7,3.09,90,0,0,5,-22.6
10,1990,12,17,7,0,0,0,0,1,-0.5,-1.1,1032.7,2.06,80,0,0,5,-13.6
10,1990,12,17,8,0,0,0,0,6,0.3,-0.4,1032.5,1.54,110,0,0,5,-5.2
10,1990,12,17,9,13,12,0,0,7,1.4,0,1032.2,1.03,360,0,0,5,2.9
10,1990,12,17,10,24,24,0,0,8,1.5,0.4,1032,1.54,20,0.2,0.1,5,8.3
10,1990,12,17,11,37,36,0,0,8,2,0.8,1031.4,2.06,20,0,0,5,12.7
10,1990,12,17,12,52,52,0,0,8,2.5,1,1030.7,2.06,20,0,0,5,15
10,1990,12,17,13,49,48,0,0,7,2.9,1.2,1029.6,1.54,10,0,0,5,15
10,1990,12,17,14,47,47,0,0,7,3.4,1.7,1028.6,1.54,350,0,0,2,12.7
10,1990,12,17,15,44,44,0,0,7,3.7,2.2,1027.7,1.54,20,0,0,2,8.3
10,1990,12,17,16,11,10,0,0,7,3.5,2.5,1027,2.06,10,0,0,5,2.9
10,1990,12,17,17,0,0,0,0,8,3.6,2.6,1026.3,2.06,10,0,0,5,-5.2
10,1990,12,17,18,0,0,0,0,7,3.5,2.6,1025.9,1.54,10,0,0,5,-13.6
10,1990,12,17,19,0,0,0,0,7,3.5,2.6,1025.3,1.54,360,0,0,5,-22.6
10,1990,12,17,20,0,0,0,0,7,3.3,2.5,1024.8,1.03,350,0,0,5,-31.9
10,1990,12,17,21,0,0,0,0,7,3.3,2.5,1024.1,1.03,340,0,0,5,-41.2
10,1990,12,17,22,0,0,0,0,8,3,2.4,1023.5,1.03,320,0,0,5,-49.9
10,1990,12,17,23,0,0,0,0,8,2.9,2.4,1023.2,1.03,300,0,0,5,-57.1
10,1990,12,17,24,0,0,0,0,8,2.5,1.4,1023,1.54,170,0,0,60,-61.4
10,1990,12,18,1,0,0,0,0,8,2.3,1.1,1022.4,1.03,160,0,0,21,-61.4
10,1990,12,18,2,0,0,0,0,8,2.2,0.7,1022.1,1.03,190,0,0,21,-57.1
10,1990,12,18,3,0,0,0,0,8,1.7,0.4,1022,1.03,110,0,0,2,-49.9
10,1990,12,18,4,0,0,0,0,8,1.8,0.1,1021.7,1.54,80,0,0,2,-41.2
10,1990,12,18,5,0,0,0,0,8,1.3,0,1021.6,1.54,80,0,0,2,-32
10,1990,12,18,6,0,0,0,0,8,2,0.1,1021.5,1.54,80,0,0,2,-22.6
10,1990,12,18,7,0,0,0,0,8,1.9,0.1,1021.5,2.57,90,0,0,2,-13.6
10,1990,12,18,8,0,0,0,0,8,1.7,0.1,1021.6,2.06,90,0,0,2,-5.2
10,1990,12,18,9,7,7,0,0,8,1.8,0.5,1021.7,2.57,100,0,0,2,2.8
10,1990,12,18,10,57,57,0,0,7,1.9,0.1,1021.9,2.06,80,0,0,70,8.3
10,1990,12,18,11,104,86,0.1,0,7,1.6,0.3,1021.9,1.54,40,0,0,70,12.7
10,1990,12,18,12,120,89,0.3,0,7,1.5,0.2,1021.8,1.54,70,0,0,71,14.9
10,1990,12,18,13,184,109,0.9,0,7,1.4,0.4,1021.4,1.54,30,0,0,71,14.9
10,1990,12,18,14,86,81,0,0,6,1.6,0.4,1020.8,1.54,350,0,0,22,12.7
10,1990,12,18,15,39,39,0,0,7,2,0.7,1020.6,1.54,350,0,0,22,8.3
10,1990,12,18,16,8,8,0,0,7,1.7,0.4,1020.8,2.06,30,0,0,5,2.8
10,1990,12,18,17,0,0,0,0,7,1.6,0.4,1020.9,2.06,30,0,0,5,-5.2
10,1990,12,18,18,0,0,0,0,8,1.3,0.2,1021,1.54,20,0,0,5,-13.6
10,1990,12,18,19,0,0,0,0,8,1.2,0.2,1021.2,2.06,20,0,0,5,-22.6
10,1990,12,18,20,0,0,0,0,8,1.2,0.3,1021.5,1.54,10,0,0,5,-32
10,1990,12,18,21,0,0,0,0,8,1.3,0.6,1021.5,1.54,350,0,0,77,-41.2
10,1990,12,18,22,0,0,0,0,8,1.2,0.6,1021.7,2.57,360,0,0,70,-49.9
10,1990,12,18,23,0,0,0,0,8,1.1,0.5,1021.8,2.06,360,0,0,22,-57.1
10,1990,12,18,24,0,0,0,0,8,1.3,0.6,1022,2.06,360,0,0,5,-61.4
10,1990,12,19,1,0,0,0,0,8,1.2,0.5,1022.2,2.06,350,0,0,5,-61.4
10,1990,12,19,2,0,0,0,0,8,1.2,0.4,1022.3,2.06,350,0,0,5,-57.1
10,1990,12,19,3,0,0,0,0,8,1.2,0.5,1022.7,2.06,340,0,0,5,-49.9
10,1990,12,19,4,0,0,0,0,8,1.3,0.4,1022.8,2.06,340,0,0,5,-41.2
10,1990,12,19,5,0,0,0,0,8,1.4,0.5,1023,1.54,330,0,0,5,-32
10,1990,12,19,6,0,0,0,0,8,1.5,0.6,1023.1,1.54,300,0,0,5,-22.7
10,1990,12,19,7,0,0,0,0,8,1.5,0.5,1023.8,1.54,310,0,0,5,-13.6
10,1990,12,19,8,0,0,0,0,7,1.1,0.1,1024.2,1.54,310,0,0,5,-5.2
10,1990,12,19,9,8,6,0,0,7,1.4,0.3,1025,2.06,300,0,0,5,2.8
10,1990,12,19,10,37,37,0,0.3,7,2.1,0.8,1025.4,2.57,290,0,0,5,8.3
10,1990,12,19,11,63,62,0,0,7,2.2,1,1025.7,2.57,290,0,0,5,12.6
10,1990,12,19,12,38,38,0,0,7,2.9,1.8,1025.8,2.06,290,0,0,5,14.9
10,1990,12,19,13,79,78,0,0,7,3.2,2.2,1025.7,2.57,300,0,0,5,14.9
10,1990,12,19,14,83,70,0.3,0.1,5,3.8,2.8,1025.6,2.57,310,0,0,5,12.6
10,1990,12,19,15,77,43,0.7,1,1,4.1,3,1025.8,2.57,290,0,0,5,8.3
10,1990,12,19,16,12,10,0,0.3,2,3.6,2.5,1026.4,1.54,280,0,0,5,2.8
10,1990,12,19,17,0,0,0,0,1,1.7,1.1,1026.7,1.54,260,0,0,5,-5.2
10,1990,12,19,18,0,0,0,0,1,0.6,0.2,1027,2.06,260,0,0,5,-13.6
10,1990,12,19,19,0,0,0,0,1,1.9,1.4,1027.3,2.06,270,0,0,5,-22.7
10,1990,12,19,20,0,0,0,0,1,1,0.7,1027.3,2.06,270,0,0,5,-32
10,1990,12,19,21,0,0,0,0,3,0.4,0.1,1027,2.57,270,0,0,5,-41.2
10,1990,12,19,22,0,0,0,0,1,1.5,1.1,1027,2.57,270,0,0,2,-49.9
10,1990,12,19,23,0,0,0,0,0,1.1,0.6,1027.1,2.57,270,0,0,2,-57.1
10,1990,12,19,24,0,0,0,0,1,-0.1,-0.4,1027,2.57,260,0,0,2,-61.4
10,1990,12,20,1,0,0,0,0,4,-0.1,-0.3,1026.9,1.03,250,0,0,2,-61.5
10,1990,12,20,2,0,0,0,0,5,-0.1,-0.3,1026.4,2.06,260,0,0,2,-57.1
10,1990,12,20,3,0,0,0,0,2,-0.3,-0.5,1026.1,1.54,240,0,0,2,-49.9
10,1990,12,20,4,0,0,0,0,6,0.6,0.2,1025.6,1.54,240,0,0,2,-41.2
10,1990,12,20,5,0,0,0,0,7,1.1,0.3,1024.6,2.06,190,0,0,2,-32
10,1990,12,20,6,0,0,0,0,7,2,1.4,1023.9,2.57,200,0,0,2,-22.7
10,1990,12,20,7,0,0,0,0,7,2.5,2.1,1023.4,2.06,170,0.2,0.1,2,-13.6
10,1990,12,20,8,0,0,0,0,7,4.2,3.4,1022.2,4.12,220,0,0,2,-5.2
10,1990,12,20,9,12,12,0,0,7,4.6,3.9,1021.6,5.14,220,0,0,2,2.8
10,1990,12,20,10,22,22,0,0,7,5.7,4.6,1020.7,6.69,230,0,0,60,8.3
10,1990,12,20,11,40,39,0,0,8,5.9,5,1019.7,6.69,220,0,0,61,12.6
10,1990,12,20,12,33,32,0,0,8,6.7,5.6,1018.3,6.69,220,0,0,60,14.9
10,1990,12,20,13,20,20,0,0,8,6.8,5.8,1016.9,6.17,220,0,0,61,14.9
10,1990,12,20,14,21,21,0,0,8,7,6.1,1015.6,7.2,230,0.2,0.1,61,12.6
10,1990,12,20,15,14,13,0,0,8,7.6,6.5,1014.6,6.69,230,0,0,21,8.3
10,1990,12,20,16,1,1,0,0,8,7.6,6.9,1013.8,6.17,240,0.6,0.3,60,2.8
10,1990,12,20,17,0,0,0,0,8,7.9,7.1,1013.3,6.17,240,0.2,0.1,61,-5.3
10,1990,12,20,18,0,0,0,0,8,8.2,7.8,1013.1,5.66,240,0.4,0.2,63,-13.6
10,1990,12,20,19,0,0,0,0,8,8.7,8.2,1012.9,5.66,240,0.6,0.3,61,-22.7
10,1990,12,20,20,0,0,0,0,8,9.1,8.6,1013,4.63,250,0.4,0.2,58,-32
10,1990,12,20,21,0,0,0,0,8,8.9,8.4,1012.9,3.6,250,0.2,0.1,21,-41.2
10,1990,12,20,22,0,0,0,0,8,8.7,8.3,1012.8,3.6,250,0,0,2,-49.9
10,1990,12,20,23,0,0,0,0,8,8.5,8.1,1012.9,3.6,250,0.2,0.1,60,-57.1
10,1990,12,20,24,0,0,0,0,8,8,7.7,1012.9,2.57,250,0,0,61,-61.5
10,1990,12,21,1,0,0,0,0,8,8.2,8,1012.6,2.06,250,0.2,0.1,61,-61.5
10,1990,12,21,2,0,0,0,0,8,8.6,8.4,1012.2,3.09,250,0.4,0.2,63,-57.1
10,1990,12,21,3,0,0,0,0,8,8.8,8.4,1012.2,3.6,250,0.2,0.1,61,-49.9
10,1990,12,21,4,0,0,0,0,8,8.9,8.4,1012.4,3.09,250,0,0,61,-41.3
10,1990,12,21,5,0,0,0,0,8,9,8.6,1012.5,3.09,250,0.4,0.2,61,-32
10,1990,12,21,6,0,0,0,0,8,8.7,8.4,1012.6,2.57,250,0.2,0.1,61,-22.7
10,1990,12,21,7,0,0,0,0,8,8.7,8.4,1013,2.06,240,0,0,21,-13.7
10,1990,12,21,8,0,0,0,0,8,9.2,8.8,1013.3,1.54,240,0,0,58,-5.3
10,1990,12,21,9,8,8,0,0,8,9.6,9.1,1013.6,1.54,220,0,0,51,2.8
10,1990,12,21,10,29,29,0,0,7,9.5,9.1,1014,1.54,230,0.2,0.1,51,8.3
10,1990,12,21,11,54,52,0,0,8,10,9.5,1014.1,2.06,220,0,0,58,12.6
10,1990,12,21,12,51,51,0,0,8,10.3,9.9,1013.9,2.57,220,0,0,61,14.9
10,1990,12,21,13,44,44,0,0,8,10.5,10,1013.6,2.57,220,0,0,21,14.9
10,1990,12,21,14,31,30,0,0,8,10.5,10,1013.7,2.57,220,0,0,50,12.6
10,1990,12,21,15,22,21,0,0,8,10.5,10.1,1013.6,2.06,180,0,0,51,8.3
10,1990,12,21,16,6,6,0,0,8,10.9,10.4,1014,1.54,220,0,0,20,2.8
10,1990,12,21,17,0,0,0,0,8,10.9,10.5,1014.4,2.06,210,0,0,20,-5.3
10,1990,12,21,18,0,0,0,0,8,10.8,10.4,1014.4,2.57,220,0,0,21,-13.7
10,1990,12,21,19,0,0,0,0,8,11,10.4,1014.9,3.09,230,0,0,60,-22.7
10,1990,12,21,20,0,0,0,0,8,11,10.4,1015.2,2.57,240,0,0,21,-32
10,1990,12,21,21,0,0,0,0,8,11,10.4,1015.3,2.57,240,0,0,2,-41.3
10,1990,12,21,22,0,0,0,0,8,11.2,10.5,1015.5,2.57,230,0,0,2,-49.9
10,1990,12,21,23,0,0,0,0,8,11.2,10.6,1015.8,2.57,240,0,0,2,-57.1
10,1990,12,21,24,0,0,0,0,8,11.3,10.6,1015.7,4.12,250,0,0,21,-61.5
10,1990,12,22,1,0,0,0,0,8,11.4,10.6,1015.9,4.63,250,0,0,2,-61.5
10,1990,12,22,2,0,0,0,0,8,11.3,10.5,1016.1,4.63,250,0,0,2,-57.1
10,1990,12,22,3,0,0,0,0,8,11.1,10.3,1016.2,4.63,250,0,0,21,-49.9
10,1990,12,22,4,0,0,0,0,8,11,9.9,1016.4,5.14,250,0,0,2,-41.3
10,1990,12,22,5,0,0,0,0,8,10.6,9.7,1016.6,4.12,240,0,0,21,-32
10,1990,12,22,6,0,0,0,0,8,10.5,9.5,1017,4.12,240,0,0,60,-22.7
10,1990,12,22,7,0,0,0,0,8,10.2,9.2,1017.3,3.6,230,0,0,21,-13.7
10,1990,12,22,8,0,0,0,0,8,10.3,8.8,1017.7,4.63,230,0,0,2,-5.3
10,1990,12,22,9,6,6,0,0,8,10,8.5,1018.1,3.6,240,0,0,2,2.8
10,1990,12,22,10,37,37,0,0,8,10.2,8.5,1018.5,4.12,230,0,0,2,8.3
10,1990,12,22,11,70,70,0,0,7,10.9,8.9,1018.6,5.66,210,0,0,2,12.6
10,1990,12,22,12,76,76,0,0,8,11,8.8,1018.4,5.66,230,0,0,3,14.9
10,1990,12,22,13,64,64,0,0,7,10.9,8.9,1018.3,5.14,230,0,0,2,14.9
10,1990,12,22,14,52,51,0,0,7,10.9,9,1017.9,5.66,210,0,0,2,12.6
10,1990,12,22,15,37,37,0,0,7,10.9,9,1017.9,5.66,210,0,0,21,8.3
10,1990,12,22,16,8,8,0,0,7,10.7,9,1018.1,5.14,220,0,0,21,2.8
10,1990,12,22,17,0,0,0,0,7,10.9,9,1018.4,5.14,210,0,0,2,-5.3
10,1990,12,22,18,0,0,0,0,7,10.5,8.9,1018.5,5.14,210,0,0,2,-13.7
10,1990,12,22,19,0,0,0,0,7,10.5,9.1,1018.7,4.63,210,0,0,60,-22.7
10,1990,12,22,20,0,0,0,0,8,10.2,9.3,1018.4,4.12,210,0,0,58,-32
10,1990,12,22,21,0,0,0,0,8,10.1,8.9,1018.3,4.12,200,0,0,21,-41.3
10,1990,12,22,22,0,0,0,0,7,10.3,8.6,1018.2,4.63,200,0,0,2,-49.9
10,1990,12,22,23,0,0,0,0,7,10,8.3,1017.8,5.14,200,0,0,2,-57.1
10,1990,12,22,24,0,0,0,0,7,10.1,7.9,1017.6,5.14,200,0,0,2,-61.5
10,1990,12,23,1,0,0,0,0,8,10,7.5,1017.3,6.17,200,0,0,2,-61.5
10,1990,12,23,2,0,0,0,0,8,9.7,7,1016.9,5.66,200,0,0,2,-57.1
10,1990,12,23,3,0,0,0,0,8,9.5,7,1016.7,4.63,200,0,0,2,-49.9
10,1990,12,23,4,0,0,0,0,7,9.4,7,1016,5.14,200,0,0,2,-41.3
10,1990,12,23,5,0,0,0,0,7,9.4,7.4,1015.7,7.2,190,0,0,2,-32
10,1990,12,23,6,0,0,0,0,3,9,7.1,1015.3,6.69,190,0,0,2,-22.7
10,1990,12,23,7,0,0,0,0,3,8.5,7.1,1015.5,5.14,180,0,0,2,-13.6
10,1990,12,23,8,0,0,0,0,4,8.8,7.1,1015.5,5.66,190,0,0,2,-5.3
10,1990,12,23,9,8,8,0,0,3,8.9,7.1,1015.1,7.2,190,0,0,2,2.8
10,1990,12,23,10,33,33,0,0.5,6,9.4,7.5,1015.9,7.2,190,0,0,2,8.3
10,1990,12,23,11,45,44,0,0.2,7,9.8,7.9,1015.9,7.2,190,0,0,2,12.6
10,1990,12,23,12,38,38,0,0,8,9.9,8,1015.8,6.17,190,0,0,2,14.9
10,1990,12,23,13,64,64,0,0,8,9,8,1015.2,5.66,180,0,0,50,14.9
10,1990,12,23,14,33,33,0,0,8,9,7.9,1014.7,5.66,180,0,0,20,12.6
10,1990,12,23,15,13,13,0,0,8,8.6,7.7,1014.7,5.66,180,0,0,58,8.3
10,1990,12,23,16,5,5,0,0,8,8.8,7.9,1014.3,5.66,180,0,0,50,2.8
10,1990,12,23,17,0,0,0,0,8,9,8,1013.9,5.14,180,0,0,20,-5.3
10,1990,12,23,18,0,0,0,0,8,9.1,8.3,1013.9,5.14,180,0,0,50,-13.6
10,1990,12,23,19,0,0,0,0,8,9,8.5,1014,4.63,180,0.2,0.1,53,-22.7
10,1990,12,23,20,0,0,0,0,8,9.2,8.5,1013.8,5.14,180,0,0,20,-32
10,1990,12,23,21,0,0,0,0,8,9.3,8.5,1013.5,4.63,180,0,0,3,-41.2
10,1990,12,23,22,0,0,0,0,7,9.1,8.3,1013.3,4.63,180,0,0,2,-49.9
10,1990,12,23,23,0,0,0,0,7,9,8.1,1013.1,4.63,180,0,0,2,-57.1
10,1990,12,23,24,0,0,0,0,7,8.9,7.9,1013,4.12,170,0,0,1,-61.5
10,1990,12,24,1,0,0,0,0,7,8.9,8,1012.3,4.12,180,0,0,2,-61.5
10,1990,12,24,2,0,0,0,0,8,9,8.1,1011.8,4.12,180,0,0,60,-57.1
10,1990,12,24,3,0,0,0,0,7,8.6,7.6,1011.8,4.12,190,0,0,1,-49.9
10,1990,12,24,4,0,0,0,0,7,8.3,7.3,1011.3,3.6,180,0,0,2,-41.2
10,1990,12,24,5,0,0,0,0,7,8.3,7.4,1011.1,3.6,180,0,0,2,-32
10,1990,12,24,6,0,0,0,0,7,8.6,7.7,1010.9,4.63,170,0,0,2,-22.7
10,1990,12,24,7,0,0,0,0,8,9,8,1010.9,4.63,180,0,0,58,-13.6
10,1990,12,24,8,0,0,0,0,8,8.7,8.1,1010.9,4.63,180,0.2,0.1,58,-5.2
10,1990,12,24,9,4,4,0,0,8,8.4,8.1,1011.3,3.6,180,1.2,0.5,59,2.8
10,1990,12,24,10,25,25,0,0,8,8.1,7.6,1011.6,1.54,220,0,0,60,8.3
10,1990,12,24,11,42,42,0,0,8,8.5,7.6,1012,2.06,200,0.4,0.2,61,12.6
10,1990,12,24,12,90,88,0,0,8,8.6,7.9,1012.1,2.06,200,0,0,21,14.9
10,1990,12,24,13,176,122,0.4,0,7,8.6,7.9,1012.5,2.06,240,0,0,21,14.9
10,1990,12,24,14,148,84,0.8,0.5,5,9.2,8.1,1012.6,2.06,240,0,0,2,12.6
10,1990,12,24,15,95,31,1,0.9,2,9.2,7.6,1012.9,1.54,230,0,0,1,8.3
10,1990,12,24,16,15,12,0,0.5,1,7.8,6.2,1013.3,2.06,210,0,0,2,2.8
10,1990,12,24,17,0,0,0,0,1,7.8,6.1,1013.8,1.54,190,0,0,2,-5.2
10,1990,12,24,18,0,0,0,0,1,6.9,5.6,1014,2.06,180,0,0,2,-13.6
10,1990,12,24,19,0,0,0,0,2,6.5,5.3,1014.5,3.09,200,0,0,2,-22.7
10,1990,12,24,20,0,0,0,0,3,5.9,4.9,1014.1,2.57,200,0,0,2,-32
10,1990,12,24,21,0,0,0,0,1,5.4,4.5,1013.9,2.57,190,0,0,2,-41.2
10,1990,12,24,22,0,0,0,0,1,5.1,4.3,1013.8,3.6,200,0,0,2,-49.9
10,1990,12,24,23,0,0,0,0,0,5,4.1,1013.3,3.6,200,0,0,2,-57.1
10,1990,12,24,24,0,0,0,0,1,3.9,3.2,1012.4,2.57,200,0,0,2,-61.4
10,1990,12,25,1,0,0,0,0,3,3.9,3.1,1010.8,2.57,160,0,0,2,-61.4
10,1990,12,25,2,0,0,0,0,6,5.1,3.9,1009.4,3.09,170,0,0,2,-57.1
10,1990,12,25,3,0,0,0,0,5,5.6,4.5,1008.2,4.12,170,0,0,25,-49.9
10,1990,12,25,4,0,0,0,0,5,6.9,5.7,1005.8,5.66,170,0,0,2,-41.2
10,1990,12,25,5,0,0,0,0,7,7.6,6.1,1003.7,8.23,190,0,0,2,-32
10,1990,12,25,6,0,0,0,0,7,8,6.5,1000.9,9.26,180,0,0,21,-22.6
10,1990,12,25,7,0,0,0,0,8,8.5,7.1,999.2,9.77,180,0,0,2,-13.6
10,1990,12,25,8,0,0,0,0,8,8.5,7.3,996.3,10.29,180,0.4,0.2,61,-5.2
10,1990,12,25,9,4,4,0,0,8,8,7.5,993.4,11.32,180,0.4,0.2,63,2.8
10,1990,12,25,10,6,6,0,0,8,8,7.6,989.6,12.86,170,3.4,1,65,8.3
10,1990,12,25,11,19,19,0,0,8,8.8,8.4,987.9,12.35,180,3.8,1,65,12.6
10,1990,12,25,12,22,21,0,0,8,5.8,5.5,990.1,7.72,240,2.4,0.6,61,14.9
10,1990,12,25,13,32,32,0,0,8,6.2,5,989.9,5.14,210,0,0,21,14.9
10,1990,12,25,14,62,60,0,0,7,6.4,5.2,990.1,5.14,200,0,0,2,12.7
10,1990,12,25,15,67,62,0,0,7,6.8,5.3,990.9,5.14,220,0,0,15,8.3
10,1990,12,25,16,20,19,0,0,2,6.2,4.7,991.8,4.63,230,0.2,0.1,25,2.8
10,1990,12,25,17,0,0,0,0,1,5.2,4,994.1,4.12,220,0,0,2,-5.2
10,1990,12,25,18,0,0,0,0,1,5,3.9,995.3,4.12,220,0,0,1,-13.6
10,1990,12,25,19,0,0,0,0,1,4.8,3.6,996,3.6,220,0,0,2,-22.6
10,1990,12,25,20,0,0,0,0,4,4.3,3.3,996.9,4.12,220,0,0,2,-32
10,1990,12,25,21,0,0,0,0,1,4.5,3.1,998,4.63,230,0,0,2,-41.2
10,1990,12,25,22,0,0,0,0,1,4.3,3,999.5,4.63,240,0,0,2,-49.9
10,1990,12,25,23,0,0,0,0,0,4,2.9,1000.3,4.12,220,0,0,2,-57.1
10,1990,12,25,24,0,0,0,0,0,3.9,2.9,1000.8,4.12,230,0,0,2,-61.4
10,1990,12,26,1,0,0,0,0,4,4.1,3,1001.7,8.75,180,0,0,2,-61.4
10,1990,12,26,2,0,0,0,0,7,4.8,3.4,1002.1,5.14,220,0,0,2,-57.1
10,1990,12,26,3,0,0,0,0,6,5.1,3.6,1001.9,4.63,210,0,0,2,-49.9
10,1990,12,26,4,0,0,0,0,6,4.6,3.3,1001.9,4.12,220,0,0,2,-41.2
10,1990,12,26,5,0,0,0,0,7,6,4.5,1001.1,5.14,210,0,0,2,-32
10,1990,12,26,6,0,0,0,0,7,6,4.5,1000,5.14,200,0,0,2,-22.6
10,1990,12,26,7,0,0,0,0,8,6.9,5.7,999.1,5.66,200,0.2,0.1,60,-13.6
10,1990,12,26,8,0,0,0,0,8,7,6.3,997.2,6.17,190,1,0.5,63,-5.2
10,1990,12,26,9,2,1,0,0,8,7.4,6.7,995,8.23,190,2.4,1,63,2.8
10,1990,12,26,10,12,10,0,0,8,8,7.3,992.5,9.77,190,0.2,0.1,59,8.3
10,1990,12,26,11,20,20,0,0,8,8.3,7.6,990.2,10.8,190,1.2,0.5,63,12.7
10,1990,12,26,12,33,31,0,0,8,9.2,8.7,987,9.77,190,0.4,0.2,61,15
10,1990,12,26,13,21,20,0,0,8,11,10.4,984.7,9.77,210,1.6,0.4,63,15
10,1990,12,26,14,19,18,0,0,8,11.6,11,982.2,8.75,210,0.2,0.1,61,12.7
10,1990,12,26,15,28,27,0,0,7,12.4,11.3,981.3,9.77,230,0.2,0.1,21,8.3
10,1990,12,26,16,12,10,0,0,6,12.1,9.9,981.3,10.8,240,0,0,25,2.9
10,1990,12,26,17,0,0,0,0,6,10.6,8.6,982.6,9.77,250,0,0,25,-5.2
10,1990,12,26,18,0,0,0,0,3,8.5,6.7,984.5,9.77,250,0,0,25,-13.6
10,1990,12,26,19,0,0,0,0,4,8.7,6.3,985.1,8.75,250,0,0,2,-22.6
10,1990,12,26,20,0,0,0,0,4,8.6,6.3,986,10.29,250,0,0,2,-31.9
10,1990,12,26,21,0,0,0,0,7,8.9,6.3,987,9.77,250,0,0,2,-41.2
10,1990,12,26,22,0,0,0,0,3,8.9,6,989.3,8.75,260,0,0,2,-49.8
10,1990,12,26,23,0,0,0,0,1,7.6,5.3,991.3,6.17,260,0,0,2,-57
10,1990,12,26,24,0,0,0,0,7,6.5,4.6,993.1,8.75,270,0.2,0.1,80,-61.4
10,1990,12,27,1,0,0,0,0,5,5.2,4,994.1,5.14,250,0,0,25,-61.4
10,1990,12,27,2,0,0,0,0,1,5.6,4.1,994.8,5.66,240,0,0,2,-57
10,1990,12,27,3,0,0,0,0,7,5.3,3.7,996.6,5.14,250,0,0,3,-49.8
10,1990,12,27,4,0,0,0,0,6,5,3,997.5,5.66,250,0,0,2,-41.2
10,1990,12,27,5,0,0,0,0,1,4.5,2.8,997.8,4.63,240,0,0,2,-31.9
10,1990,12,27,6,0,0,0,0,7,5,3.3,998.2,4.63,210,0,0,80,-22.6
10,1990,12,27,7,0,0,0,0,5,4.8,3.5,998.5,5.66,220,0,0,25,-13.6
10,1990,12,27,8,0,0,0,0,6,5.1,3.9,998.3,6.17,230,0,0,2,-5.2
10,1990,12,27,9,21,16,0.3,0.2,6,5.4,3.7,999.8,6.17,240,0,0,14,2.9
10,1990,12,27,10,92,48,0.8,1,1,5.4,3.2,1001.3,6.69,260,0,0,2,8.4
10,1990,12,27,11,171,56,1,1,1,6.1,3.6,1002.4,5.14,250,0,0,2,12.7
10,1990,12,27,12,210,57,1,1,1,6.6,3.6,1003.3,7.2,260,0,0,2,15
10,1990,12,27,13,206,62,1,1,1,6.8,3.7,1004,6.69,260,0,0,2,15
10,1990,12,27,14,163,60,1,0.9,3,6.5,3.6,1004.8,6.69,260,0,0,2,12.7
10,1990,12,27,15,86,34,1,0.9,1,6.5,3.2,1005.9,7.72,270,0,0,2,8.4
10,1990,12,27,16,17,13,0,0.3,1,5.7,2.8,1006.8,5.66,260,0,0,2,2.9
10,1990,12,27,17,0,0,0,0,1,4.5,2.3,1007.6,5.66,250,0,0,2,-5.2
10,1990,12,27,18,0,0,0,0,1,4,2.2,1008.5,5.66,250,0,0,2,-13.6
10,1990,12,27,19,0,0,0,0,1,3.8,2,1009.7,5.14,250,0,0,2,-22.6
10,1990,12,27,20,0,0,0,0,2,3.9,2.2,1010.3,4.63,230,0,0,2,-31.9
10,1990,12,27,21,0,0,0,0,1,3.8,2.2,1010.4,5.66,230,0,0,2,-41.2
10,1990,12,27,22,0,0,0,0,1,3.8,2.2,1010.9,5.14,230,0,0,2,-49.8
10,1990,12,27,23,0,0,0,0,4,3.5,2.1,1011.7,3.6,220,0,0,2,-57
10,1990,12,27,24,0,0,0,0,6,3.7,2.4,1012,3.09,210,0,0,2,-61.3
10,1990,12,28,1,0,0,0,0,7,3.5,2.4,1011.6,2.06,210,0,0,2,-61.3
10,1990,12,28,2,0,0,0,0,7,3.8,2.7,1011.7,2.06,210,0,0,2,-57
10,1990,12,28,3,0,0,0,0,7,4,3,1011.4,1.54,200,0,0,2,-49.8
10,1990,12,28,4,0,0,0,0,8,4.3,3.3,1010.7,2.06,200,0,0,2,-41.1
10,1990,12,28,5,0,0,0,0,7,4,3.2,1009.9,2.06,160,0,0,2,-31.9
10,1990,12,28,6,0,0,0,0,7,4.5,3.4,1009.3,2.57,190,0,0,2,-22.6
10,1990,12,28,7,0,0,0,0,6,4.5,3.8,1008.5,2.06,170,0,0,2,-13.5
10,1990,12,28,8,0,0,0,0,7,5.7,4.7,1007.8,2.57,170,0,0,2,-5.1
10,1990,12,28,9,22,22,0,0.2,7,6.2,5.1,1007.1,3.6,190,0,0,2,2.9
10,1990,12,28,10,43,43,0,0,7,7.5,6.5,1005.8,4.63,180,0,0,2,8.4
10,1990,12,28,11,21,21,0,0,7,8.5,7.2,1004.9,4.63,180,0.2,0.1,60,12.8
10,1990,12,28,12,47,47,0,0,8,8.9,7.7,1003.5,6.69,190,0,0,58,15
10,1990,12,28,13,57,57,0,0,8,9.1,7.8,1001.2,6.69,180,0,0,21,15
10,1990,12,28,14,47,47,0,0,8,9.4,7.9,1000.1,9.77,190,0,0,21,12.8
10,1990,12,28,15,11,11,0,0,8,9.2,8.1,999,9.77,190,0,0,60,8.4
10,1990,12,28,16,6,6,0,0,8,8.9,8.2,997.5,9.26,190,0,0,58,2.9
10,1990,12,28,17,0,0,0,0,8,8.9,8.3,996.2,9.77,190,0.2,0.1,58,-5.1
10,1990,12,28,18,0,0,0,0,8,9.5,9,995.4,8.75,190,0,0,58,-13.5
10,1990,12,28,19,0,0,0,0,7,11,10.2,994.8,7.2,210,0,0,21,-22.5
10,1990,12,28,20,0,0,0,0,7,11.4,10.2,995,6.69,220,0.2,0.1,60,-31.9
10,1990,12,28,21,0,0,0,0,7,11.1,9.5,995,7.72,220,0,0,21,-41.1
10,1990,12,28,22,0,0,0,0,8,10.3,9.3,995.5,7.2,220,1,0.4,62,-49.8
10,1990,12,28,23,0,0,0,0,7,8.7,7.8,995.7,5.66,250,0.8,0.2,21,-57
10,1990,12,28,24,0,0,0,0,4,9,8.1,995.9,5.14,220,0,0,1,-61.3
10,1990,12,29,1,0,0,0,0,8,7.7,7.2,996.9,5.66,250,2.8,0.6,62,-61.3
10,1990,12,29,2,0,0,0,0,8,8.6,7,997.2,6.69,230,0,0,21,-57
10,1990,12,29,3,0,0,0,0,7,8.4,6.1,998,6.69,230,0,0,1,-49.8
10,1990,12,29,4,0,0,0,0,7,8.4,6.1,998.2,5.66,220,0,0,2,-41.1
10,1990,12,29,5,0,0,0,0,5,8.2,6.8,997.9,4.63,210,0,0,2,-31.9
10,1990,12,29,6,0,0,0,0,7,8.9,6.9,998.5,5.14,220,0,0,3,-22.5
10,1990,12,29,7,0,0,0,0,7,8.6,6.4,998.7,5.14,230,0,0,2,-13.5
10,1990,12,29,8,0,0,0,0,8,8.8,6.6,999.8,5.14,220,0,0,2,-5.1
10,1990,12,29,9,2,2,0,0,8,9,6.9,999.9,4.63,210,0,0,21,2.9
10,1990,12,29,10,20,20,0,0,8,8.3,6.8,1000,5.66,220,0.2,0.1,60,8.4
10,1990,12,29,11,59,59,0,0,8,8.2,7.1,1000.1,3.6,210,0,0,60,12.8
10,1990,12,29,12,44,43,0,0,8,8.5,7.4,999.4,3.6,220,0,0,60,15.1
10,1990,12,29,13,40,40,0,0,8,8.3,8.1,999.1,3.09,220,0.4,0.2,61,15.1
10,1990,12,29,14,45,45,0,0,8,7.5,7.3,998.8,1.54,220,0.8,0.4,61,12.8
10,1990,12,29,15,28,27,0,0,8,7.5,7.3,999.1,1.03,200,0.8,0.4,61,8.5
10,1990,12,29,16,4,4,0,0,7,7.5,7.1,998.9,1.03,180,0,0,60,2.9
10,1990,12,29,17,0,0,0,0,7,8.4,7.7,998.9,3.09,200,0.6,0.2,62,-5.1
10,1990,12,29,18,0,0,0,0,8,8.1,7.8,999.3,3.6,210,3.6,1,65,-13.5
10,1990,12,29,19,0,0,0,0,4,6.2,5.3,1000.8,4.63,270,0,0,21,-22.5
10,1990,12,29,20,0,0,0,0,3,4.3,3.9,1002.5,3.09,250,0,0,2,-31.8
10,1990,12,29,21,0,0,0,0,4,4.7,4,1003.9,4.12,230,0,0,3,-41.1
10,1990,12,29,22,0,0,0,0,4,4.9,4,1004.9,4.63,220,0,0,2,-49.7
10,1990,12,29,23,0,0,0,0,6,5.1,4.1,1006.2,5.14,230,0,0,2,-56.9
10,1990,12,29,24,0,0,0,0,5,5,4,1007.2,5.14,220,0,0,1,-61.2
10,1990,12,30,1,0,0,0,0,4,5,4,1008,4.12,230,0,0,2,-61.2
10,1990,12,30,2,0,0,0,0,1,3.2,2.5,1009.1,1.54,230,0,0,2,-56.9
10,1990,12,30,3,0,0,0,0,1,3.5,3,1010.3,2.57,210,0,0,2,-49.7
10,1990,12,30,4,0,0,0,0,1,4,3,1010.8,4.12,220,0,0,2,-41.1
10,1990,12,30,5,0,0,0,0,0,3.8,2.8,1010.8,3.09,210,0,0,2,-31.8
10,1990,12,30,6,0,0,0,0,1,4.5,3.2,1011.4,4.12,210,0,0,2,-22.5
10,1990,12,30,7,0,0,0,0,1,4.4,3.1,1012.4,3.6,220,0,0,2,-13.5
10,1990,12,30,8,0,0,0,0,1,4.6,3.1,1013.2,4.12,210,0,0,2,-5
10,1990,12,30,9,24,14,0.6,0.5,1,5.6,3.8,1014,4.63,210,0,0,2,2.9
10,1990,12,30,10,106,31,1,1,1,6.4,4.4,1014.7,3.6,210,0,0,2,8.5
10,1990,12,30,11,183,42,1,1,1,7.6,5,1014.9,6.17,210,0,0,2,12.9
10,1990,12,30,12,220,57,1,1,1,8.5,5.8,1014.9,6.69,220,0,0,2,15.2
10,1990,12,30,13,226,86,1,1,6,9.5,6.8,1015.2,6.69,220,0,0,2,15.2
10,1990,12,30,14,167,112,0.4,0.5,7,9.6,6.6,1014.5,6.17,220,0,0,2,12.9
10,1990,12,30,15,76,70,0.1,0,7,8.8,5.8,1014.7,6.69,220,0,0,2,8.5
10,1990,12,30,16,24,23,0,0,7,8.3,5.7,1014.9,6.17,220,0,0,2,2.9
10,1990,12,30,17,0,0,0,0,7,8,5.6,1015.6,4.63,220,0,0,2,-5
10,1990,12,30,18,0,0,0,0,6,7.6,5.3,1016.1,4.63,210,0,0,2,-13.4
10,1990,12,30,19,0,0,0,0,2,7,4.9,1016.7,3.6,220,0,0,2,-22.5
10,1990,12,30,20,0,0,0,0,2,6.6,4.8,1017.1,3.6,210,0,0,2,-31.8
10,1990,12,30,21,0,0,0,0,1,5.8,4.4,1017.5,3.09,190,0,0,2,-41
10,1990,12,30,22,0,0,0,0,5,5.7,4.5,1017.7,2.57,190,0,0,2,-49.7
10,1990,12,30,23,0,0,0,0,6,5.5,4.5,1017.6,2.06,180,0,0,2,-56.9
10,1990,12,30,24,0,0,0,0,4,5,4.1,1017.3,2.57,180,0,0,2,-61.2
10,1990,12,31,1,0,0,0,0,2,4.7,4,1017.1,2.57,180,0,0,2,-61.2
10,1990,12,31,2,0,0,0,0,5,4.8,4.2,1016.7,2.57,180,0,0,2,-56.8
10,1990,12,31,3,0,0,0,0,6,4.9,4.2,1016.4,2.57,180,0,0,2,-49.7
10,1990,12,31,4,0,0,0,0,7,5.5,4.6,1015.5,2.57,180,0,0,25,-41
10,1990,12,31,5,0,0,0,0,7,5.1,4.6,1014.7,2.06,170,0,0,2,-31.8
10,1990,12,31,6,0,0,0,0,7,6,5.5,1014.1,2.57,160,0,0,2,-22.4
10,1990,12,31,7,0,0,0,0,8,6,5.5,1013.4,3.6,160,0,0,2,-13.4
10,1990,12,31,8,0,0,0,0,7,7,6,1012.2,4.12,160,0,0,2,-5
10,1990,12,31,9,24,24,0,0,7,7.2,6.2,1011.6,4.12,160,0.2,0.1,62,3
10,1990,12,31,10,49,48,0,0,7,7.6,6.7,1010.8,4.63,170,0,0,21,8.6
10,1990,12,31,11,33,32,0,0,7,8.2,7,1010.1,5.14,170,1,0.3,60,12.9
10,1990,12,31,12,72,71,0,0.1,7,7.8,6.8,1008.8,4.63,200,0.2,0.1,21,15.2
10,1990,12,31,13,142,60,0.6,0.3,6,7.7,6.4,1007.9,5.14,190,0,0,25,15.2
10,1990,12,31,14,157,70,0.9,1,6,8.8,6.9,1007.3,6.17,220,0,0,2,12.9
10,1990,12,31,15,70,57,0.3,0.1,7,9,6.9,1007.3,6.17,230,0,0,3,8.6
10,1990,12,31,16,17,16,0,0,7,7.9,5.6,1008.3,7.2,250,0,0,2,3
10,1990,12,31,17,0,0,0,0,5,5.8,4.4,1009.6,5.14,250,0,0,2,-5
10,1990,12,31,18,0,0,0,0,7,4.9,3.8,1010.6,3.6,250,0,0,3,-13.4
10,1990,12,31,19,0,0,0,0,7,4,3.3,1011.3,3.6,240,0,0,2,-22.4
10,1990,12,31,20,0,0,0,0,6,4.2,3.4,1012,3.09,230,0,0,2,-31.7
10,1990,12,31,21,0,0,0,0,7,3.5,2.6,1012.4,2.57,230,0,0,2,-41
10,1990,12,31,22,0,0,0,0,2,2.5,2,1013.5,2.06,230,0,0,2,-49.6
10,1990,12,31,23,0,0,0,0,2,2.5,2,1013.5,2.06,220,0,0,2,-56.8
10,1990,12,31,24,0,0,0,0,3,1.2,0.8,1014.5,1.54,230,0,0,2,-61.1
